Nombre,Correo,Fecha de Nacimiento,Tel√©fono
Michelle Lynn,sarah99@example.net,1939-08-07,981-642-6330
Charlene Noble,bradyjennifer@example.net,1989-04-04,742-947-7936
Ricardo Johnson,crobinson@example.org,1910-09-29,+1-321-575-4478
Angela Jackson,kevin28@example.com,1986-11-07,761.734.6275x166
Andrea Martinez,vgarcia@example.com,1936-01-06,383.458.7832
Sarah Dunn,chill@example.com,1953-09-05,345.385.3356
Nathan Cruz,cheyenne32@example.net,2023-02-28,672-348-5677x3745
Eric Taylor,qwilson@example.org,1962-08-26,927.686.4459
Jeffrey Graves,rebeccaramirez@example.com,2018-05-19,981.891.4515
Krystal Taylor,josephevans@example.com,1946-07-05,707.256.4109
Karen Abbott,matthew05@example.org,1916-04-22,001-689-576-4386x11558
Kristen Petersen,shortwendy@example.com,1919-07-27,864-468-7804
Chad Jones,austin45@example.net,1994-08-26,248-684-7483
Samantha Martin,zadams@example.net,1956-08-25,001-894-601-5239x47020
Amanda Johnson,molly83@example.org,1935-11-29,8524585381
Jose Case,peterskevin@example.com,1993-06-20,+1-257-388-8794x09853
Elizabeth Cohen,vcarter@example.org,1911-01-18,6523468662
Mackenzie Mathis,todd40@example.org,1958-04-22,001-539-762-1943x22011
Emily Vargas,efaulkner@example.org,1997-06-19,7944190482
Autumn Anderson,nicholasmeyers@example.org,1975-07-30,+1-517-743-1418x28407
Brett Green MD,smithlaura@example.net,1969-05-27,+1-872-966-6007x074
David Pittman,diazcody@example.org,1981-09-15,(600)369-1463x169
Derek Butler,randygutierrez@example.com,2015-05-12,396.795.4568
Melinda Price,lisasanchez@example.com,1960-08-25,+1-806-786-4843
Jose Burke,lyang@example.com,1920-09-29,(826)639-5490x5815
Rhonda Richmond,andrew20@example.org,1973-12-02,001-284-783-8420
Linda Moody,wacevedo@example.com,1971-04-21,+1-390-809-2873x2097
Christina Davidson,fcollins@example.org,2012-09-11,+1-221-643-5575x211
James Lee,cpowers@example.net,2018-05-12,963-600-8044
William Moran,fordtamara@example.net,1974-01-27,411.352.3384
Andrew Shaw,ortizpatrick@example.org,2012-05-26,+1-236-739-4736x0730
Karen Schwartz,lawrence70@example.com,1919-05-08,389.694.3567x508
Joseph Ortega,sandersanthony@example.com,1915-03-29,853.318.8790
Samantha Fox,olivia91@example.com,1921-08-23,+1-868-727-1336x51628
Brandon Powell,danielle05@example.net,1957-05-25,(712)414-4337
Madeline Baxter,shunter@example.net,1991-09-15,462.973.8775x199
Amy Andrade,maxwellthomas@example.org,1937-05-01,+1-901-723-4452
Carolyn Thomas,jacksonbrandon@example.org,1999-10-25,4832820683
Paige Douglas,monicaprice@example.com,1989-09-03,5834743508
Travis Williams,stewartdominique@example.net,2015-10-23,583.446.4931x576
Nicole Gates,ekirby@example.com,1976-05-03,(234)687-8644x98498
Rachel Henderson,mark44@example.net,2023-12-19,+1-603-432-6592x4435
Jeremy Patel,nicole77@example.com,1983-01-18,(587)339-6594
Larry Bond,brett17@example.org,1940-09-12,001-345-676-4887
Travis Banks,rparker@example.com,1983-03-17,001-556-433-0978x775
Ethan Nguyen,joseph35@example.com,1980-04-13,693.812.8278
Brian Burns,uwilson@example.net,1989-04-03,(823)447-6758
Danielle Koch,ronaldhenderson@example.com,1983-04-24,5299469265
Martin Pennington,murrayedwin@example.com,1947-07-02,001-897-855-8377x1999
Karen Hawkins,druiz@example.net,1953-11-25,001-479-417-3651x11747
John Hernandez,meagan15@example.org,2009-12-30,262.685.0230x70205
Erica Cooper,wmurphy@example.com,1998-09-10,650-949-7859x57545
Charles Mcdowell,daryl64@example.net,1912-05-26,+1-529-218-0641x935
Maria Lucas,rickyjohnson@example.net,1963-01-05,989-487-3689x20662
Rhonda Campbell,dbaker@example.org,1972-11-07,324.807.6137x83654
William Kelley,raymondbenitez@example.org,1934-06-02,935.380.0699
Michelle Mcmillan,stephanie04@example.org,2009-04-12,+1-206-567-2583x118
Devon Schmidt,jessicaprince@example.com,2014-08-17,(681)427-1407x65960
Michelle Landry,cryan@example.net,1986-11-17,(965)363-4264x22673
Sara Adams,justindavis@example.com,1979-10-08,(608)478-5283
Bruce Kramer,turnercheryl@example.org,2009-10-31,496-871-7507
Ralph Mclaughlin,vstewart@example.net,2000-01-06,380.472.6338
Garrett Daniel,shirley45@example.com,1998-09-16,+1-825-952-6668
Krystal Johnson,nlawson@example.net,1986-10-21,(221)771-6667x28468
Susan White,petersonelizabeth@example.org,1967-07-14,869-927-7888x979
Nicole Smith,alicia36@example.com,1969-03-17,(638)344-6314
David Fitzpatrick,beth44@example.org,1954-08-15,001-661-492-5288x229
Jennifer Hickman,orrmelissa@example.com,2012-05-26,001-800-429-6858x0184
Ellen Stephens,grahamallison@example.org,1949-10-15,001-285-915-4409x4525
Frances Jimenez,kmartinez@example.net,1950-06-20,441-323-4681x648
Leslie Spencer PhD,alexisbowman@example.org,1937-06-11,7014231311
Maureen Soto,yoderjason@example.com,1966-08-09,(851)986-0017x91770
Joseph Wade,tammywilson@example.org,1989-02-02,939.971.6541x401
Kurt Shields,nathan92@example.org,1993-04-11,(766)576-6735x763
Tracy Cole,udickson@example.com,2011-09-14,001-932-838-8426
Kylie Anthony,ymarsh@example.org,2002-07-06,(632)929-7260
Anthony Ramos,ulee@example.net,1976-04-05,4219789979
Curtis Mitchell,millerjennifer@example.com,1994-11-22,695-669-0484x34596
Michelle Taylor,andersoncarla@example.com,2019-08-19,3004597133
Mary Williams,ewalker@example.net,1942-03-20,8324886185
David Gallegos,russellharvey@example.com,1968-03-28,(821)387-1201
John Edwards,wcampbell@example.net,1959-11-11,318-311-9726
Kyle Mitchell,bstrickland@example.com,1931-01-09,001-836-815-8591
Christopher Brandt,hickmanashley@example.com,2007-12-23,001-540-224-2385x2390
Christina Marshall,laurenscott@example.net,2020-10-10,900-210-6990x388
Kimberly Davis,tchapman@example.org,1956-07-20,4237535687
Kathryn Sawyer,phillipponce@example.com,1983-07-12,001-794-591-1192
Antonio Walker,thomas47@example.org,2010-03-29,306.580.1539x31131
Pamela Escobar,johnbest@example.com,2007-09-05,977.751.5580x53318
Christopher Mullins,paulmcknight@example.com,1915-09-03,(406)723-0825x953
Tanner Chavez,burtondouglas@example.net,1973-10-18,639.669.2131
Ryan Burgess,tiffanysanchez@example.org,1975-09-01,732.548.9447x2159
Alexandra Rodriguez,cynthia86@example.com,1948-04-13,(578)774-4513x3852
Lauren Miller,boonemichael@example.org,1925-06-07,+1-331-632-3935x55481
Jennifer Hutchinson,moorejennifer@example.com,2001-04-22,607-835-7708x61888
James Garza,fpierce@example.org,1989-10-26,+1-235-576-7201x5795
Dawn Rogers,lchavez@example.org,1912-09-23,001-404-486-9506x08391
Mr. William Miller MD,heather59@example.org,1924-06-18,5719376184
Johnny Vaughn,bevans@example.net,1999-04-11,951.304.6255
Bailey Hudson,kim76@example.org,1921-03-28,(714)906-1261x002
